{
  "project_info": {
    "project_number": "546940294718",
    "firebase_url": "https://login-screen-and-todo-list-default-rtdb.firebaseio.com",
    "project_id": "login-screen-and-todo-list",
    "storage_bucket": "login-screen-and-todo-list.appspot.com"
  },
  "client": [
    {
      "client_info": {
        "mobilesdk_app_id": "1:546940294718:android:b70b1b128e496da6d7a36f",
        "android_client_info": {
          "package_name": "com.example.loginscreen"
        }
      },
      "oauth_client": [],
      "api_key": [
        {
          "current_key": "AIzaSyAwEdg5fgTFU1aTOM1JEabrftZMmYcxVn0"
        }
      ],
      "services": {
        "appinvite_service": {
          "other_platform_oauth_client": []
        }
      }
    }
  ],
  "configuration_version": "1"
}